{"name":"49bde1f0-71f1-4a41-b03f-ac8babf53f65","id":"/providers/Microsoft.Flow/flows/49bde1f0-71f1-4a41-b03f-ac8babf53f65","type":"Microsoft.Flow/flows","properties":{"apiId":"/providers/Microsoft.PowerApps/apis/shared_logicflows","displayName":"Comienza el flujo con un evento desencadenante. Por ejemplo, puedes elegir que el flujo se ejecute a una hora fija cada día. Esto se hace mediante el trigger \"Recurrencia\" (Recurrence).\n\nConfigura el flujo para que se ejecute todos los días a una hora esp","definition":{"metadata":{"workflowEntityId":null,"processAdvisorMetadata":null,"flowChargedByPaygo":null,"flowclientsuspensionreason":"None","flowclientsuspensiontime":null,"flowclientsuspensionreasondetails":null,"creator":{"id":"7a240aae-60b9-4bda-a555-1e50affcbcd0","type":"User","tenantId":"13841d5f-968d-4624-a7da-d68a6006a84a"},"provisioningMethod":"FromDefinition","failureAlertSubscription":true,"clientLastModifiedTime":"2025-07-29T16:23:47.475379Z","connectionKeySavedTimeKey":"2025-07-29T16:23:47.475379Z","creationSource":"Portal","modifiedSources":"Portal"},"$schema":"https://schema.management.azure.com/providers/Microsoft.Logic/schemas/2016-06-01/workflowdefinition.json#","contentVersion":"1.0.0.0","parameters":{"$authentication":{"defaultValue":{},"type":"SecureObject"},"$connections":{"defaultValue":{},"type":"Object"}},"triggers":{"Recurrence":{"recurrence":{"frequency":"Day","interval":1,"timeZone":"SA Pacific Standard Time","schedule":{"hours":["9"],"minutes":[0]},"startTime":"2025-07-30T09:00:00Z"},"type":"Recurrence"}},"actions":{"Obtener_contenido_de_archivo":{"runAfter":{},"metadata":{"b!2f4ooqbvbUaDANof_NR_u7iSaxI53_dOmQPsxWxms-a4TxnMM2XJRKrJ1abj27tf.01PKZ2AJZA3A5D6XCJZFGI2P7MV63HZPHJ":"/reporte_ventas.xlsm"},"type":"OpenApiConnection","inputs":{"parameters":{"id":"b!2f4ooqbvbUaDANof_NR_u7iSaxI53_dOmQPsxWxms-a4TxnMM2XJRKrJ1abj27tf.01PKZ2AJZA3A5D6XCJZFGI2P7MV63HZPHJ","inferContentType":true},"host":{"apiId":"/providers/Microsoft.PowerApps/apis/shared_onedriveforbusiness","connectionName":"shared_onedriveforbusiness","operationId":"GetFileContent"},"authentication":"@parameters('$authentication')"}},"Enviar_correo_electrónico_(V2)":{"runAfter":{"Obtener_contenido_de_archivo":["Succeeded"]},"type":"OpenApiConnection","inputs":{"parameters":{"emailMessage/To":"qoritakiproducciones@gmail.com, markoalexandernavedasamame@gmail.com"},"host":{"apiId":"/providers/Microsoft.PowerApps/apis/shared_gmail","connectionName":"shared_gmail","operationId":"SendEmailV2"},"authentication":"@parameters('$authentication')"}}},"outputs":{}},"connectionReferences":{"shared_onedriveforbusiness":{"connectionName":"shared-onedriveforbu-cf94b11f-32ba-4598-a659-3df0f4776640","source":"Embedded","id":"/providers/Microsoft.PowerApps/apis/shared_onedriveforbusiness","tier":"NotSpecified","apiName":"onedriveforbusiness","isProcessSimpleApiReferenceConversionAlreadyDone":false},"shared_gmail":{"connectionName":"shared-gmail-7978af51-10fe-4b69-967b-4fd2c7f8a171","source":"Embedded","id":"/providers/Microsoft.PowerApps/apis/shared_gmail","tier":"NotSpecified","apiName":"gmail","isProcessSimpleApiReferenceConversionAlreadyDone":false}},"flowFailureAlertSubscribed":false,"isManaged":false}}